Transcript Id,Gene Id(name),Mirna Name,miTG score
ENST00000323865,ENSG00000178394 (HTR1A),hsa-miR-4271,0.710880764662318
UTR3,5:63256216-63256237,0.0254098659402995
